,X1,X2,Y
0,0.6482118513950138,0.04043278953845275,0.3418003130342552
1,0.610758517589946,0.7620568475844077,0.7096639544870413
2,0.12210041857208764,0.40145500916281895,0.4237536209135344
3,0.7642375653292098,0.6323194908822217,0.6722304497455349
4,0.8434863857582471,0.47228454194017533,0.5964977899317077
5,0.4156065979768432,0.07117976056429176,0.31332552881882086
6,0.6165273543614793,0.07619712117441879,0.36367168874874634
7,0.6730115113196187,0.7417830464911601,0.7004298889404189
8,0.17333251574929642,0.4540183206888736,0.46220644832919777
9,0.4523598244426488,0.8502573461785701,0.7202165191519077
10,0.6167593717675218,0.5537292170988944,0.6003709258964823
11,0.621739546256758,0.591577771747289,0.6272894718705366
12,0.9334989180738423,0.12532378488176454,0.45172385235760215
13,0.3807326437765026,0.5259325633539781,0.5453713790795045
14,0.21690102617637108,0.3739064886869441,0.43665245570644073
15,0.16773587302558457,0.4736057137312556,0.46558099204055853
16,0.41630737323297007,0.05133553034827987,0.30204591897576605
17,0.9082783221562548,0.531277885810439,0.6567298421721285
18,0.7653204090513532,0.07968298822522724,0.38839035432802776
19,0.680964249140104,0.6349979092003363,0.646476278673524
20,0.3191950538018006,0.6948864094696703,0.6157339577332737
21,0.9831680286244958,0.4000781179355791,0.5883461635051661
22,0.47131850837218103,0.48196637930289654,0.5438951038776776
23,0.09105965397504268,0.3045558164750256,0.3610155626676338
24,0.034142175841324396,0.3498428618180046,0.37187348753750293
25,0.39956410911824314,0.07006900030955854,0.315145015361542
26,0.7939075078006952,0.10839600528155946,0.4148884445680171
27,0.03777586367031904,0.3116506145377559,0.36374412935858186
28,0.29608437297036794,0.23675764676697186,0.3865471430026629
29,0.8637487792874671,0.6831010921671734,0.7169294436026173
30,0.38254965891553405,0.8611644777936267,0.6977539437177994
31,0.21910018428639777,0.7256440014311946,0.608970691698829
32,0.6903876087406678,0.27145483458896325,0.48168407324595713
33,0.2774155239666235,0.07042472473018635,0.28452271694060327
34,0.814681258947866,0.8534055386698741,0.7808593682168513
35,0.5420790054600193,0.7925957236231189,0.7060603294831268
36,0.27464073277741996,0.19390378293176946,0.3541459798002368
37,0.47306431334648447,0.6057274367258028,0.6043044413258368
38,0.9448367989618311,0.3672105896022728,0.5766655567520955
39,0.8836398838336161,0.9915478075748851,0.8815054812231837
40,0.617991793381428,0.586023868020293,0.608550338368486
41,0.7969447658479807,0.10653307682151825,0.41954815078840796
42,0.7394758104396119,0.29373427533030494,0.4849141532184881
43,0.6841438671338682,0.7419387570008457,0.6979110944155003
44,0.008262643339350673,0.8019609808014797,0.5970991308528286
45,0.1520599267126087,0.3373403055578361,0.3957748198604732
46,0.3075296183377273,0.34654560053763483,0.4295314886027274
47,0.32446343811520484,0.9943269793906911,0.7615241618124684
48,0.6970855421273222,0.9860375292779127,0.8281043584351803
49,0.5563974251684927,0.059096449854503574,0.33218773863864703
50,0.6020337651085026,0.11629125082841141,0.37530782128050605
51,0.4998979166124995,0.9342136445170037,0.7579945719140099
52,0.4960552120461389,0.7422327976940055,0.6666656914984579
53,0.33794350425748787,0.6378638615852458,0.5802465574903166
54,0.5329710981520605,0.6081920274256917,0.6023922771630892
55,0.3458206667279672,0.641890893340794,0.5896234430524786
56,0.11700099292412891,0.1867824973880693,0.3093880124130979
57,0.12538013338372778,0.7366037227234539,0.5853287046696266
58,0.9224239581929389,0.4940118262609172,0.6363741930732654
59,0.9072202801722009,0.6446737087728506,0.7017676677812259
60,0.6839954326175838,0.4292949967584462,0.5534000461953335
61,0.5573291206746197,0.5552989364147334,0.5980838179922439
62,0.005956207931579027,0.31078678873262533,0.3665478454112304
63,0.9981011440913101,0.815229584500839,0.8051682773492247
64,0.5959085583299271,0.7690537137607427,0.6978403823561319
65,0.8135905916238692,0.26861550933577694,0.49689905449699434
66,0.06279096182379773,0.7226280055873773,0.5830644583402408
67,0.09148259442396411,0.48281173543696376,0.4639842415227862
68,0.45629316877414583,0.3685927317275587,0.485228620130089
69,0.3071265480545925,0.3086811678788781,0.40797340846685626
70,0.6552903267208773,0.9846123996603963,0.831989403982145
71,0.6616499198175574,0.233635748016908,0.45238981744349976
72,0.7432097994580067,0.38633261131516705,0.5400166685162733
73,0.8514423548784855,0.8648659024994787,0.8085323062988025
74,0.41604303607143656,0.9682602269163328,0.7718630586404236
75,0.48330846686785367,0.757690945701344,0.6718290887333725
76,0.4079622105390053,0.8038639461512258,0.6828976642191963
77,0.3381209432610076,0.9383642422554268,0.7325927455797006
78,0.9493942019036636,0.09616694120235736,0.43058533499922846
79,0.6320316069234008,0.4168150340659247,0.5297487185923467
80,0.8248799035817947,0.09247331618962151,0.4097673299408838
81,0.9519017431823997,0.4634488271679832,0.6214474313478018
82,0.9700680018648056,0.5045910074803837,0.6531396358706864
83,0.5055503383357864,0.10182932161096392,0.3534602986407675
84,0.8978256564069614,0.41949499772398546,0.5914804599075992
85,0.30031257040602255,0.44658227221272384,0.4817592563734048
86,0.4351079149650836,0.9786193367008976,0.7674729466993488
87,0.31487792399306713,0.7767579547600464,0.6458719254009235
88,0.6685918081506251,0.22077631604069659,0.4456688956542194
89,0.5540256685291535,0.2026360486071157,0.40388692914669855
90,0.1970001638706993,0.4894485567224174,0.49186929402320156
91,0.24464959543487563,0.34561278568242104,0.43100279335271063
92,0.46623025330639545,0.741485688638687,0.6666703389202091
93,0.36339682413121055,0.7457451951620772,0.6365295797521824
94,0.3881768695141439,0.3980383962216455,0.4792954147258669
95,0.30174936148863196,0.9000942657946395,0.7197982942817844
96,0.8811066606023997,0.743530361609984,0.747933124017423
97,0.5997052962752657,0.6734429988298595,0.6621126525036272
98,0.5413053627445823,0.6454970171095433,0.6224645247450021
99,0.701946196578369,0.776720422404136,0.7301728409951751
100,0.5095954075966156,0.27782904241059925,0.4455385066407621
101,0.5893866536836966,0.4975173332789812,0.5650041466877691
102,0.07884595157741425,0.27768532407324475,0.3479286087026158
103,0.31345591108319804,0.4505398543927229,0.48135420501540427
104,0.4782274934335119,0.4852171317518572,0.547525570517426
105,0.10664138550140301,0.01170630881722512,0.23598901912243203
106,0.5082451887142896,0.25109912777611243,0.4216030906576097
107,0.08102734663511924,0.380310149152831,0.3986411987834873
108,0.5971043265726321,0.18242876404152075,0.4149474117692056
109,0.07466710751987415,0.657504626823391,0.5442914785849021
110,0.46961026721415444,0.47284559289271433,0.5245113628809196
111,0.6505369815953779,0.5337177021280208,0.5930146885374569
112,0.06878763982618241,0.24763820347188792,0.3470686065296206
113,0.7528557542619458,0.8369358562228878,0.77840880556771
114,0.9695754185847727,0.5378212833843252,0.6529286984217609
115,0.738069872203382,0.2010603925694301,0.44623607236819735
116,0.4926917170472437,0.33283654289058995,0.47182046665845956
117,0.2831831482628423,0.16430946557824477,0.3357626222786312
118,0.985116547641439,0.5809775740153995,0.6797979923212905
119,0.6380172041629539,0.6871991678705387,0.6641144868727368
120,0.5948376446330347,0.9491567677946945,0.7879529767000261
121,0.24202368917113082,0.41684122450285743,0.4665155586436508
122,0.4490724106289913,0.3657103585291863,0.47353226360796974
123,0.6134553281773367,0.07973686971128169,0.36326658242049853
124,0.4996333024480367,0.03541075776609781,0.3217171807466751
125,0.8559663509877912,0.021814486323866067,0.3881622347178102
126,0.048573922597699104,0.586703725342242,0.500271281698546
127,0.29201772953429095,0.8566421386713121,0.6814394082001071
128,0.5257238845717989,0.4286523178775977,0.5277993005303317
129,0.3983402731965179,0.0007864529551351307,0.27323351900822884
130,0.14291868829889343,0.5355204293871253,0.4913982089449023
131,0.31512769865379364,0.9572918354261156,0.7335012224342236
132,0.9389004220720055,0.31914419801391225,0.5404103503181639
133,0.7137521243801312,0.5510655333099325,0.6173528014090462
134,0.6606723194559809,0.1908600383886978,0.4252496335209243
135,0.5662554991293851,0.8281533230385296,0.721608463205163
136,0.4712365460330018,0.09992028034902467,0.3426116141753026
137,0.550755295230931,0.06319095343939762,0.34337290223188066
138,0.5819219085308924,0.10430684793761758,0.374664290370657
139,0.6825208891254896,0.5420733976630848,0.6041271278816138
140,0.9528102358429373,0.4599709412956502,0.614497303489906
141,0.5725958556132893,0.5635695142287765,0.5910993652486554
142,0.24288623046356694,0.6421331966146809,0.5743873182559605
143,0.3001876292567711,0.6809951313471021,0.5945216725836173
144,0.2846558017826435,0.3806980704941336,0.45171777972841504
145,0.7879347843081743,0.2887986747815211,0.5033125447986162
146,0.908327696419842,0.004793661481079403,0.3899611913045859
147,0.8535563471893574,0.2946248579684947,0.5097662393410384
148,0.699962645968585,0.7332982688660047,0.7135004535795904
149,0.8077657705889413,0.9982288581077576,0.8529494825771905
150,0.06735366612475047,0.8321745592950021,0.6205132496157065
151,0.038599859188210295,0.04331122266137155,0.22332362426870253
152,0.4832889193137323,0.12506849745671678,0.3650553759024921
153,0.5903555864596308,0.2525720913201024,0.43445294143644625
154,0.6839867795107618,0.6051225676935021,0.62991698171645
155,0.8744460008397448,0.6211199621542058,0.6937761345426836
156,0.1260021894794835,0.3520472642869039,0.40830278819571447
157,0.9547149498006215,0.6724546753860194,0.7350617842046521
158,0.7902228695068447,0.20331201930757326,0.46714919375099867
159,0.8308411788965192,0.9438256564029576,0.8290899474060456
160,0.20791485486268846,0.9372660520778212,0.7159381917810104
161,0.07682712600179187,0.4978368113481657,0.4739762384860479
162,0.017592939957776443,0.5053922526202149,0.4523183422907888
163,0.07913573107227256,0.7874250511595052,0.61084761333131
164,0.0029665096207859287,0.5902371979383472,0.4952935008783238
165,0.655976567330045,0.442874647030686,0.5591202305107225
166,0.3753993025171668,0.786769345583718,0.6646135671840344
167,0.7727966337532944,0.5167009423624762,0.6038097762874909
168,0.9647685005089625,0.5342724139533902,0.6614041865767127
169,0.27708752103996637,0.7392353441598809,0.6314416340169091
170,0.6171203566993272,0.8165201599606916,0.7369366119787344
171,0.9570061836697118,0.5300285458126218,0.6654310230804004
172,0.9356470414555134,0.6185181767284756,0.6913841362543144
173,0.052698772084156964,0.2037281202803014,0.30662145307729405
174,0.7814278491655703,0.9159829374853106,0.8125973712555268
175,0.6451790988166786,0.4278810163227017,0.5364196135656492
176,0.0018255688432756711,0.10135609369387977,0.2581811508751918
177,0.5682738965333658,0.08579622653342978,0.3552910009406492
178,0.5926238645964556,0.8597869775497334,0.7425895683825517
179,0.6094395818325687,0.36498202723308437,0.5021958147922565
180,0.4172562271756214,0.9725386562013422,0.773230875120893
181,0.16514514586193663,0.02470982339073391,0.2548013117655452
182,0.06518359781580596,0.6497828939215835,0.528910983274342
183,0.026876233528350446,0.8865623997128179,0.6543876911767325
184,0.7742855896163453,0.4433073548382831,0.5680170033717077
185,0.49830543655816384,0.3049353877867226,0.44823251498988453
186,0.7000460564686019,0.696939170549658,0.6793248040344532
187,0.7779542399911302,0.03488087135232454,0.366080251886076
188,0.4911347932921565,0.07040232722157802,0.3404786233380637
189,0.5230933540804874,0.24761949004511652,0.4224326021881422
190,0.969373715334129,0.8927794433619747,0.846537447899452
191,0.9380907254098232,0.7426554533560504,0.7619249193884461
192,0.878522977031175,0.49583189014124285,0.6306378061613516
193,0.6526361414008891,0.29970765797765386,0.4714341431250428
194,0.6641985151255422,0.934317820954252,0.8088318214799749
195,0.6856584484042765,0.31208178639748774,0.5030783818638959
196,0.993451130331973,0.937375180155111,0.8753962899093063
197,0.44732904009679453,0.9928308578373188,0.7909105712620629
198,0.05901203340684691,0.4293368593603315,0.43597023544139646
199,0.8606552396694623,0.18357123320583457,0.4708432263984412
200,0.23109852351235716,0.3296117102967101,0.40878361484462483
201,0.5142725010011142,0.7705611089038819,0.685741931916355
202,0.2282273704098352,0.8983455410984198,0.6868505827497327
203,0.18135031389638956,0.6701515292866443,0.5630253479926208
204,0.24470884890063083,0.015665621708637723,0.2639755928958395
205,0.0824704889487421,0.21914065386831882,0.31972193624807993
206,0.8854168619112118,0.08361615054112936,0.4258371254817348
207,0.23349326214674682,0.20707619089045137,0.34368877604266335
208,0.46206508351258346,0.6775220904022087,0.6370020821795134
209,0.0879239164411929,0.44472198727222967,0.43374654240182897
210,0.4695203090912917,0.050190699882697754,0.32047055040860567
211,0.2331839011311907,0.42675772422604086,0.46942371919904863
212,0.7879576623578866,0.4761305033352401,0.6049153396350521
213,0.38592599639209846,0.28378463754482663,0.4116609834108455
214,0.7412569641239908,0.9065341807447818,0.7917464976823239
215,0.9491434761439778,0.30482145021492646,0.5360627037894958
216,0.9751177538294963,0.8667443221298156,0.8332943997492197
217,0.44880626473766705,0.007692365747498431,0.28785779605114975
218,0.07019528710679912,0.6278988922798301,0.5368190225246473
219,0.1029844685587219,0.5222238439739239,0.48228224054674657
220,0.16184933058984163,0.6390714778816257,0.5480199687774249
221,0.5119110259336681,0.9895443404893786,0.7881516447668258
222,0.42939553400641384,0.36862274439860243,0.4744727255447656
223,0.4578444766959091,0.8547244138703569,0.7222915763614437
224,0.7376067884532053,0.8544749262282165,0.782988037766805
225,0.06021955825355507,0.6709405322762487,0.555146289077952
226,0.19877409965464155,0.7033955655089302,0.5892507857723375
227,0.8072069468673785,0.03051296223772526,0.37990924826442324
228,0.010053331337966709,0.6581324481423126,0.5303979845770291
229,0.6979463030692945,0.013139039060190094,0.352741495493132
230,0.4271004603131384,0.6696210596158515,0.6189144503266321
231,0.5200206808775627,0.6503064188978297,0.63726821252989
232,0.16722567640644026,0.4053005400938423,0.4445476774898694
233,0.9349483393733184,0.6178505582179576,0.688286478011234
234,0.9643374647574879,0.6342444913250638,0.7038531327687811
235,0.9287841387419179,0.45634551546826074,0.6129965945359305
236,0.21761676208280922,0.6302462478562111,0.5566901404198826
237,0.9691639144798225,0.3988979301489086,0.596168718898897
238,0.20976243408871098,0.002802058551590325,0.23618988752637135
239,0.9602721336655591,0.7354324666841604,0.7552747027664715
240,0.9398393679774943,0.36209688220667435,0.5603963718502672
241,0.4835827004642044,0.7589666098598767,0.6759513159372573
242,0.29035203151326905,0.93577032671386,0.7257461985881072
243,0.012248201366362954,0.28278559047466534,0.35011453983688323
244,0.3789915647280291,0.37490372507179437,0.462145308094203
245,0.41540835068190896,0.011230109908307861,0.28106919037700356
246,0.10962440085587188,0.003740818146929392,0.22315325800809616
247,0.7482112018152648,0.1568973679430632,0.42840282766906246
248,0.5956163565375067,0.8146449012789647,0.7172605729709184
249,0.5229343177604941,0.3076999654856901,0.46606951735176494
250,0.42947925124863096,0.9317736197778905,0.7489764708949899
251,0.948751061776056,0.344919290035663,0.5574959485623834
252,0.48195671348168445,0.8253551923500513,0.7018120327985689
253,0.9806620070703458,0.5186472735125897,0.6568284044452215
254,0.7009153570050094,0.7839761483461187,0.731910104258279
255,0.17112223693359108,0.4565529340905533,0.4534314904320947
256,0.8078506244226353,0.6087395735084188,0.6589494648107103
257,0.14628748173071404,0.47912059862713297,0.4781139981119698
258,0.3995158362404376,0.7812431851182177,0.6718287628106966
259,0.7242782644922909,0.34191350772869145,0.5094342339446752
260,0.4321059355610146,0.024057135690447762,0.2900845534041361
261,0.3156883538565225,0.0982321199104178,0.31295421549373204
262,0.0257931425217377,0.06285671093026901,0.2267186037767476
263,0.6157982557459364,0.6665302362025335,0.6476375920794943
264,0.8557309864233281,0.9246493076636525,0.8364847652292225
265,0.1389437787819695,0.5901647930145402,0.5192089028844952
266,0.06352090681767286,0.1479589587450414,0.2960861172520824
267,0.4968772152127312,0.012389410991947902,0.2984761159343773
268,0.79131483927013,0.7737934447367703,0.7387022851344781
269,0.666414654460055,0.627941067013025,0.6386846901640549
270,0.8684363367055927,0.988736373281425,0.8612257973665168
271,0.4687810745609331,0.2650155691303069,0.4256691528896935
272,0.14173081934902831,0.1594172500206279,0.3165967064187364
273,0.7749426364465207,0.5487591959714104,0.6381013204299667
274,0.09291196276385205,0.4940221070763555,0.4576897581465547
275,0.1355287199056331,0.8790628711309454,0.6668842828335663
276,0.783886640626693,0.7952696518737584,0.7497725483294433
277,0.21941014316388363,0.9508410207267419,0.7109140717263804
278,0.5214540363954805,0.9420639757897753,0.7687931226998997
279,0.10296510518579904,0.8028958791691662,0.6294150754510566
280,0.5360320462524643,0.12535438905951002,0.36544320144414183
281,0.22340681994304556,0.731656538063355,0.6189088267238552
282,0.8707774109556987,0.3909370058222359,0.567409518830518
283,0.5633482243351973,0.18959325722109555,0.3999636160493827
284,0.04450928432174439,0.6603942169648066,0.5377712390261362
285,0.9451819536655456,0.22698888819451057,0.4954069992202534
286,0.399334652949081,0.8823767313738401,0.7171913257883271
287,0.6798662789109122,0.9420801816439319,0.8005346635419632
288,0.796665565842155,0.1479070234228651,0.4297607540974396
289,0.14838626306111535,0.45410463346788854,0.4502506761075071
290,0.38178707004434176,0.2692729140988809,0.4025106174625786
291,0.21850678088923803,0.971221930353156,0.7382264777842866
292,0.6717270943059004,0.46216619729910036,0.5576565600582872
293,0.5895425717690997,0.8438473052702583,0.7375814004152831
294,0.18282001630461442,0.02633771397673723,0.24769261343523305
295,0.806989728800531,0.4673761075248959,0.5861029602585861
296,0.03939783980411926,0.6182770478079193,0.5084685301208103
297,0.8654796135609722,0.4038329077496492,0.5687114047474566
298,0.9943861581866943,0.7095532973058581,0.7471402413097958
299,0.5841807158554815,0.06216427122747559,0.3579083900468562
300,0.9891725276747231,0.14010820889362618,0.469073939459479
301,0.7232190136150752,0.345094164120081,0.51407890851556
302,0.2616645224727634,0.37322422130983557,0.4482247921716166
303,0.8716939412304946,0.8423832566389173,0.8035513550890182
304,0.16440776237181942,0.7554926873765371,0.6101847174297288
305,0.44340783473584566,0.39995089625241187,0.49860144212664714
306,0.8815075413098715,0.41382489559866686,0.5817905870562314
307,0.018593226570055132,0.7616082125407454,0.5780603428789317
308,0.7471496933095678,0.7788839441534002,0.7356450528541076
309,0.27733753516403714,0.062375165083205286,0.29412231158744917
310,0.286833786022231,0.35949175900396,0.4275877770547916
311,0.9995111432248659,0.6748217556376215,0.744592181538356
312,0.3682359159965126,0.6608887473072558,0.6056621594329235
313,0.044813110222741814,0.19898925318082705,0.31428170217026236
314,0.7133703204030568,0.9006018535277011,0.7875477197676433
315,0.3285471340117442,0.8166899375506844,0.6669626761861899
316,0.5821971346203919,0.05310634300594297,0.33411955973493607
317,0.18944962829227818,0.5788635053137512,0.5240509656541468
318,0.5457261146002351,0.9130733449771211,0.7659849145959925
319,0.3546989002273765,0.46414431316812743,0.5103720809901288
320,0.6469207473212183,0.970960669202825,0.8174894992659177
321,0.637886300230628,0.38353124277267303,0.5274045673442631
322,0.1718126218930518,0.4784049224103183,0.47361088211877955
323,0.40976562760501023,0.2596897659688916,0.41516533783653026
324,0.615423913549146,0.8736567339616539,0.7571875300696346
325,0.5463862521788672,0.6758649039878762,0.6513181022062345
326,0.22271650320380776,0.40608812605600586,0.4527943185319311
327,0.6023930200777629,0.19401162811732497,0.42057059208470765
328,0.8159186502318059,0.04575042435192134,0.38345450562990807
329,0.5197837242465189,0.9806071679964748,0.7900813365022983
330,0.5537246105272076,0.01936892345313046,0.32856965770765945
331,0.6239671250621587,0.02371427810675475,0.34550597088339136
332,0.6234124157381439,0.6710921045226301,0.6526372961710797
333,0.9677788556483998,0.09595851132155908,0.4483043491577571
334,0.7225056974911878,0.8007538888934748,0.751420821899987
335,0.2849612270457481,0.37732167527348603,0.4501530142878435
336,0.2985933489250375,0.11259286844555316,0.3154181788369856
337,0.591697671576198,0.17906229971523246,0.3982043281995343
338,0.34795931569374394,0.9317326761644936,0.7301871925248896
339,0.6459662845406352,0.24894757674370183,0.4606042917076584
340,0.6505491011157419,0.1374741897978684,0.39369659266164436
341,0.46768634648731977,0.42520877191273565,0.5035005825471762
342,0.868508359729158,0.2513092402952486,0.5020849055205702
343,0.37158101914590436,0.3217695919928182,0.43445276344930145
344,0.25760896382355225,0.7386621840065976,0.62856077848607
345,0.34767176976470415,0.7049536552808762,0.6274053590416531
346,0.4231598402398723,0.8917676977717617,0.7208914147429261
347,0.8162471015031121,0.4438103701349938,0.5796468284574837
348,0.6571525532966936,0.376148486806423,0.5216728842973167
349,0.343023553692543,0.16060707171240307,0.34998507641856613
350,0.5436476468203046,0.35557663523161664,0.49370491184403864
351,0.8190516865934618,0.3928350039912164,0.5604479815080087
352,0.8851040766875155,0.3865266168800764,0.5620453061005753
353,0.03960135078713667,0.4465242640031114,0.4240430005796797
354,0.7923106648265744,0.15203864735558947,0.4296834910915442
355,0.23982967812040223,0.1814297976482283,0.32883627437344315
356,0.3279588533962299,0.9563370224178868,0.740243268561665
357,0.5838074491368594,0.3185699683166564,0.47623433769918755
358,0.8704645194532236,0.7439892627451204,0.743676253316335
359,0.5138672908807462,0.8973492486642375,0.7426479834955435
360,0.2661441530058324,0.6788156180913112,0.5889755197821366
361,0.768466767805663,0.2825363626905075,0.4968350137508831
362,0.5614212955588714,0.9649291497046689,0.7864698045000367
363,0.40435105375878033,0.252270704428464,0.40545127655716223
364,0.3131669224900867,0.6244546446938241,0.5775914067668015
365,0.45037770770937124,0.46819660492700055,0.5310291148691905
366,0.7289041181944759,0.8250316008071539,0.7664093125423416
367,0.3472866902667636,0.22392588224526266,0.3815519544513279
368,0.16562626725772023,0.2159286314408474,0.33754988792050694
369,0.7281390500283774,0.3208015329181697,0.49882246224172155
370,0.07506748062506152,0.6324507286348483,0.5279026859502866
371,0.09895600412307615,0.7407425782016261,0.5881499408657956
372,0.49102726379719885,0.9850926250231634,0.7874022857538
373,0.9086436952780189,0.3209213363017349,0.5454272272921852
374,0.8996167128453962,0.21506689769123566,0.48959789358330547
375,0.8458928982637004,0.8487969624188136,0.7838068838610879
376,0.9012595897548946,0.6646917849910158,0.7092340104974475
377,0.2767102699879799,0.6042893059553968,0.5483565700594218
378,0.22376092137448833,0.844354855713422,0.6649895344678272
379,0.8291459796815894,0.5199612161139805,0.6168310192944494
380,0.9052751871101454,0.5724650520094726,0.667233744669475
381,0.5623386397665543,0.46618224487977555,0.5378373373679125
382,0.1815191528261756,0.8939709268420916,0.6786303202578078
383,0.01849569692060571,0.11819907826063458,0.27132363854639924
384,0.4746947803389643,0.7892788616323829,0.6994704172483136
385,0.7582359912449798,0.2940262423583395,0.504301773544153
386,0.4315979994517718,0.8353719879548622,0.7066476021563023
387,0.5830443821665,0.7767968981639176,0.7146421810911592
388,0.4581101212042149,0.49759765049122373,0.5372152664534385
389,0.5352432648846482,0.502987945839901,0.5497573284107136
390,0.1362526365514205,0.9212779073563834,0.6915938517333339
391,0.7892129297180578,0.3464121634934624,0.527021691065019
392,0.31513827567057595,0.6463151703544695,0.5897375162478335
393,0.3994570264291708,0.7640827153582215,0.6645160141823141
394,0.434765591753248,0.9354356793096694,0.754666179925251
395,0.602685685870447,0.8088818974681931,0.733380056858772
396,0.10328976894677855,0.6391533555664665,0.5496495338853774
397,0.3552231554905636,0.46008494302610914,0.49333855473794436
398,0.6557693071634184,0.291194216432373,0.46803472042671246
399,0.2725833011710811,0.12894287855086006,0.31776354108246885
400,0.46460578011660514,0.28290376784049986,0.4417758653183769
401,0.3014706921385828,0.032951668596608696,0.2861956007299375
402,0.28640833110403874,0.9492549353668531,0.7365614746207307
403,0.4482712619590906,0.49202610823723736,0.5283402976239906
404,0.8634832593596231,0.7044801481177023,0.7161150329305299
405,0.2991025254372781,0.7941207173319978,0.6644591573531365
406,0.19979710513994953,0.4502713064137268,0.47094696555036264
407,0.8864485768667593,0.5531040886694517,0.6571453500051949
408,0.20560465836785058,0.21166286833173553,0.3534453563620271
409,0.4689720463214271,0.7105553200231072,0.6564854746180966
410,0.9265514820634274,0.6583159674851683,0.7143456674022303
411,0.8171294498966591,0.6635131600262834,0.693097015299701
412,0.9503696197464631,0.6239013864672143,0.7084171889647249
413,0.8928111673214986,0.08553358634652097,0.43128164043569
414,0.26757648872046946,0.6001897684918656,0.5462123812279674
415,0.5744822358570566,0.2450938543801754,0.4451628255542579
416,0.624315652380453,0.7045323594363877,0.6859942589957178
417,0.1930316913098149,0.5614929947771771,0.5132532478744555
418,0.5979987285727708,0.024009579446357288,0.33625054122895326
419,0.4132218491271217,0.6582007193827173,0.6080558231901195
420,0.418141379339111,0.9184264655714229,0.7399245242825839
421,0.928174496597363,0.7099873792362997,0.7329884722523655
422,0.8092267477120627,0.653363806419927,0.6965605039922292
423,0.011900009065557215,0.9597940061677578,0.6765849264146878
424,0.1281657407750727,0.4960521200914123,0.47338847164797815
425,0.4588698291476384,0.1486722273933888,0.3639886760985885
426,0.3205531290055874,0.6773907916707198,0.6071299685293265
427,0.19349439156632997,0.9969470952018502,0.7469590013981314
428,0.10037784993700449,0.3295327797151616,0.38792170225401257
429,0.9969978867425886,0.650778724296872,0.7232041319988507
430,0.6062189454828616,0.1445824767084225,0.39676092276769237
431,0.5497006504852824,0.09800439743281064,0.3607823175530328
432,0.5317812910415773,0.5984861479489738,0.6067001345794036
433,0.23860821786902897,0.009448037183153235,0.24511794334354664
434,0.5832321160794223,0.9038625540656713,0.7606682299226176
435,0.5956284783216195,0.7737945087586747,0.70032784998315
436,0.9260734810804987,0.8895290528310577,0.8318780288162758
437,0.9579522358863671,0.33923088345221464,0.5539887441692298
438,0.04061615713693345,0.9343339853194125,0.6758486757426598
439,0.9442151772345336,0.6597694517374699,0.7216312639543768
440,0.82678270336002,0.9431343428297233,0.8439302516938191
441,0.3495261031104754,0.4762722618673568,0.5177173536490988
442,0.11083557211901407,0.7035149194249658,0.578965534225513
443,0.9120502120606702,0.3588818398529112,0.5616088580231057
444,0.03242612546952872,0.992272689155523,0.6982327686984353
445,0.784755600860161,0.9790424063085045,0.853010670772742
446,0.3446846505686839,0.9979173561053729,0.7752130839855854
447,0.35093775873486455,0.5366938067800271,0.5483485675278605
448,0.8879157175107906,0.07735780237817691,0.4131098921672592
449,0.9775561210571801,0.7056857077600347,0.7528824173937356
450,0.36459013825661524,0.7778906577731002,0.6711568781524031
451,0.10717861009578411,0.9835072351347949,0.7104379172803936
452,0.07787093906443265,0.580527414580927,0.5147912118790067
453,0.11409852292960165,0.9278564604849369,0.6803676660982996
454,0.9290733636926002,0.22530865745799578,0.49258098841257014
455,0.10706408386265032,0.5811160847737207,0.5089155022270951
456,0.5810804610713658,0.8780558613484967,0.7498565475116353
457,0.33231114324960964,0.965499958487491,0.7441859179235226
458,0.5220489236654087,0.29705340013897796,0.46212552164407245
459,0.10647583777181269,0.15892908214919232,0.3009251247557328
460,0.8964758118220687,0.12537529303642792,0.44011234596019483
461,0.7746252452699344,0.7573808668991847,0.7250931093154903
462,0.6064092811521725,0.011494966765534187,0.32545803391935996
463,0.5099631685805177,0.5894023453009642,0.6065379102032346
464,0.1513907263618055,0.3278786316628193,0.3848241698207362
465,0.7188354916129684,0.7488214201029656,0.7107471692982317
466,0.45588217056926217,0.002219972318442842,0.30168913200850367
467,0.7478966735070283,0.3624920592623023,0.5373738920252286
468,0.8849261807870683,0.6925978993352325,0.7175007807340809
469,0.5666802362604664,0.3498049554063052,0.4885185674708252
470,0.4193936179224922,0.14776336027155845,0.36716850667972867
471,0.9756816729579733,0.08590800161563317,0.44265856516094704
472,0.263947474937705,0.016218047104605837,0.25917251398091057
473,0.7898097469397106,0.36268087617972755,0.5325687524673909
474,0.0529287670228199,0.5896215546370674,0.5090051499424766
475,0.6378989404471767,0.20669821287917833,0.42558838842136587
476,0.5681095712337083,0.026624379610687088,0.32059251180439235
477,0.03412317946713361,0.3697644881734289,0.38415490192620383
478,0.2336443880124227,0.9099582583311956,0.7058603543789865
479,0.8090996607151056,0.900722419477146,0.8193903277738067
480,0.4323721544380106,0.28111436611622476,0.42877108612545994
481,0.6226993112250333,0.07948804746407889,0.3574185037234961
482,0.8257890503090896,0.5255329467273058,0.6230334795412228
483,0.10400306556312311,0.6559647793607699,0.5483085326340551
484,0.4930031677045187,0.3440754617522498,0.4670326668358822
485,0.1519946011876615,0.6368825585879908,0.545423276941529
486,0.08993219715413925,0.6424980976156323,0.5486892728113713
487,0.47420622848694516,0.49839962421670303,0.5518516887390045
488,0.6475897998743801,0.9565234921188254,0.7983392526411421
489,0.00732179690054835,0.7476685787820941,0.5701903713045686
490,0.778729265873771,0.5731204967010162,0.6405073134075161
491,0.3151758238515119,0.05305316229854151,0.2887805141018502
492,0.33715538100606557,0.5377286828074088,0.5453548896177983
493,0.7866387826272965,0.9488590345852712,0.8380319399619699
494,0.44332792542983157,0.061967409651987215,0.32779753018385105
495,0.13099787108049388,0.02547305358809815,0.2429651340303866
496,0.4473777923462531,0.8488988008367936,0.7142993858884449
497,0.23153791214569408,0.9000813842665494,0.6943359789163224
498,0.009337607421149974,0.9377870425049061,0.6720407560322056
499,0.8871816508437105,0.7340029552403954,0.7345799366975777
500,0.009264598497105814,0.5108828553360798,0.4578975808558659
501,0.4425183443062931,0.7437693364130599,0.6553978324588752
502,0.5034966393925572,0.04920501022902324,0.3208892134982515
503,0.17931523754956125,0.8167490866710092,0.6504876741423264
504,0.9515341180629442,0.751136989995992,0.7694800024391317
505,0.9743334521046787,0.3561829985075422,0.575732175596763
506,0.27053572239724755,0.38954574625098537,0.45862409121459174
507,0.2635686133996529,0.5713892247319788,0.5451581875331576
508,0.7669302636480397,0.8460360754415724,0.7713979859674811
509,0.9313604277227909,0.7487807722079366,0.765101637649682
510,0.8750512320874434,0.6651414083062278,0.7058110949104945
511,0.9622912115971434,0.09831631234054428,0.4392774519285325
512,0.918485297280662,0.5679430460243805,0.6741883677590477
513,0.32442090070684626,0.391233821740703,0.4666973384114476
514,0.4768719071017439,0.41106487011829274,0.49286567409357307
515,0.5905747419381825,0.25568476223962056,0.4523363496152563
516,0.0625892683581788,0.23277395756577646,0.321177975174514
517,0.10371439493722878,0.7962537736955432,0.6287663158451683
518,0.03106458050058314,0.12673155989887597,0.26008591951156745
519,0.853927882054812,0.8407284545097898,0.7852840325107653
520,0.8880468876640972,0.22488758185345914,0.48925967384233515
521,0.860590806194302,0.05867011570134484,0.39886597156724124
522,0.3519060240240468,0.5458641994922648,0.5439167631703131
523,0.891431345214056,0.12246297673862627,0.4421264315360749
524,0.6299721934437745,0.22810436493509922,0.44534200324565804
525,0.18208731045298443,0.9607222103758899,0.7127606062278394
526,0.6701109465923202,0.5003181771097756,0.5907481663514554
527,0.3971057680279205,0.7294859922751548,0.6515549749225611
528,0.9776531308052102,0.801254064741117,0.7943262742735608
529,0.49346481416536947,0.33255538693645814,0.471956767165104
530,0.45914373561345034,0.11598356033654611,0.35677813697759775
531,0.7012341079189864,0.12422510285086885,0.41077373836223574
532,0.832394363437623,0.3381542605089233,0.5403578668639353
533,0.7993423685048481,0.5454000961551599,0.641493105616204
534,0.7440522129907416,0.3914028821252873,0.5394695134943454
535,0.7169834081289491,0.7288226769155617,0.7135225944886279
536,0.6244652498519689,0.038860467947966826,0.3491838445026421
537,0.36956194716258683,0.5764530984276299,0.5577769325334162
538,0.12078807423401994,0.5062565352560195,0.48053373441709235
539,0.6467039336741428,0.5423359922239187,0.5991572077226237
540,0.4232991221210862,0.926419854525891,0.738341662990214
541,0.5147458620387722,0.5818518169054325,0.5993701087685642
542,0.044290031570030974,0.10819949938764706,0.2565397143130322
543,0.9251505206845185,0.9540898109372319,0.8550720457843431
544,0.6293921135134638,0.9418152994048845,0.788656033608479
545,0.009385714957613867,0.618582490539681,0.5050939574993573
546,0.5401740414603663,0.24680394732245858,0.4289639378885897
547,0.3692352052115966,0.6967214642395566,0.6224429064604102
548,0.7566947744490243,0.1439734824552007,0.42166996710588006
549,0.4682932477088414,0.9145752861879555,0.7496434654748305
550,0.8259637925760274,0.5358904075388449,0.6405964567595339
551,0.8171261303950742,0.6088430732615131,0.665207520491491
552,0.024603175208206762,0.291778292188699,0.34189073223097594
553,0.7708870963526968,0.9789802636827533,0.8441149266828853
554,0.7450783619762578,0.5742354656026392,0.6282089659060156
555,0.4932640556643506,0.8686813538869848,0.7313316457396077
556,0.973769171905493,0.07221445163270357,0.4371658262395474
557,0.003425937226950171,0.48456985522170637,0.4353688574914821
558,0.15933487296874616,0.2836786724279152,0.36701319348361666
559,0.8675422846832305,0.4149707373637802,0.5732644714967544
560,0.25246542258514537,0.32346894691939465,0.4144825880533601
561,0.9486200131427924,0.6743430381306666,0.7189561015260499
562,0.6413644725146677,0.847042231321628,0.7615057172197027
563,0.20384316267265834,0.6931738479608615,0.5868659025713328
564,0.7831583379584462,0.013461648187738873,0.3684985816057667
565,0.258237591481142,0.8964413839461507,0.6942595374000302
566,0.19138955954869752,0.26932515400522294,0.3637842895495661
567,0.6348562558453198,0.49453945907147945,0.5789171603121269
568,0.4062238647192181,0.64572510020029,0.6007605811970619
569,0.11877884497888191,0.7582492309441817,0.5976933597739241
570,0.36943478903078286,0.3518761833627476,0.4458634605488739
571,0.19633658752562022,0.23791942459057525,0.35745454483242883
572,0.48840111020850285,0.6362228941397363,0.6250601534601364
573,0.41846362055867936,0.2571386821795454,0.41054752338270634
574,0.6682124296289675,0.4368837423013985,0.5428883660406459
575,0.49272385758730486,0.12717463936742823,0.36830943964782076
576,0.8950540725384658,0.014895116033722178,0.37746493522770996
577,0.20024856234172161,0.2773466494569554,0.3765770243037846
578,0.052488864422085335,0.7589723056020339,0.5888213333569327
579,0.8728431612522073,0.8186446182906236,0.7871122702223213
580,0.8231670828172135,0.3638934623433653,0.5565539688773
581,0.6718565003185224,0.3209501273017691,0.49122846619726995
582,0.6645613443947187,0.7303500507840242,0.7021563778537683
583,0.08396960463817926,0.5363432249678587,0.49022847282821186
584,0.12235840886442184,0.2906000560199623,0.3649417931897733
585,0.9593198943449249,0.8896427538985696,0.8349170141299428
586,0.6651869782864597,0.564429538488365,0.60939710689498
587,0.4732773278421575,0.9318042965768251,0.7625226814503351
588,0.38990690460304833,0.7412613391026561,0.6486845798530136
589,0.5257653043559296,0.5221172673988239,0.5683434878822446
590,0.46214434714709296,0.5001685238793263,0.5436320288642327
591,0.8827017086929879,0.3154909074493434,0.5326248639341259
592,0.8959278999938568,0.1010098785112532,0.4197862638993096
593,0.7521367245640235,0.170413030592663,0.43004482236395364
594,0.8534687426181268,0.10356726588469534,0.42608783928132904
595,0.23628753296081262,0.26528913044068725,0.3834343454220023
596,0.6153050875388135,0.2577508912120309,0.45451077474806056
597,0.045499511204032395,0.0819945635021484,0.24212492675513791
598,0.07652440186914111,0.5581606589754295,0.5009569432263025
599,0.6735452166933649,0.3229869435791761,0.5025422975047613
600,0.975869062041049,0.562698890172453,0.677344262814944
601,0.7757337043060747,0.8522696561719397,0.7742614345608688
602,0.5658208159339193,0.7279530086744139,0.6792776187911918
603,0.953807087719785,0.07519876258348579,0.4248104417058276
604,0.7983048693957343,0.3563314746328452,0.5327710382691855
605,0.7159747169209181,0.5567165315018321,0.6150214803138285
606,0.603620029069537,0.40970161555193785,0.5258245839581227
607,0.8338324712591187,0.44774775349729956,0.5897205828346602
608,0.8775931827821876,0.18909111550048596,0.47915808179514646
609,0.11094031235237245,0.19663763605472906,0.31396200700427446
610,0.3668187839403285,0.5793810455364199,0.560729267552799
611,0.9774639913431088,0.7523856607618762,0.7637073808599043
612,0.912362441231242,0.7303450634701625,0.7487824969558446
613,0.7000735163985453,0.8763591532478161,0.7792592270891691
614,0.7239811898742677,0.4880932805133491,0.592592954982742
615,0.26989886033156196,0.9903340921586765,0.7575778579701787
616,0.6077410786192561,0.3150912951974266,0.48161873188211973
617,0.9173908595481549,0.8573707841511187,0.813142273624834
618,0.6522757581142591,0.15890874607816352,0.402954467170871
619,0.09583618271690275,0.14939180279074327,0.29369456471925026
620,0.587315093171229,0.1502317315567092,0.38937797274989266
621,0.6476133719925365,0.6711303732117251,0.672657751097293
622,0.7260581076216442,0.5109753850040745,0.5920251041822819
623,0.593770820638435,0.4547019396254667,0.555704992599072
624,0.07715292732732071,0.8255626716323077,0.6335968022342032
625,0.20811818719723651,0.809006520873401,0.6431109483515175
626,0.46530125083206486,0.8979782472783261,0.7512338780023512
627,0.45187865165512264,0.704187245751368,0.6344727797052818
628,0.8917797970704036,0.29267849808736146,0.5197637565015134
629,0.9267599555693221,0.693078483587797,0.730495904394791
630,0.9831389562762055,0.21520980545088553,0.5057965407050175
631,0.253664459330716,0.5546615400028239,0.5253453201197641
632,0.43451411609877877,0.23838807231615688,0.39805225114696097
633,0.940470085216483,0.7695765259952145,0.769054995617531
634,0.4704070121428847,0.6225544133047102,0.6120381511022044
635,0.6611430800812443,0.007047561045441464,0.33583743737173233
636,0.1554768136421214,0.3741464528287862,0.4120733405660808
637,0.6946314997119196,0.17538169188125807,0.4262798238966979
638,0.35590544153088066,0.520587070571084,0.5351235331020205
639,0.07925724430377212,0.08974643111091951,0.25238815336220566
640,0.6817712599469755,0.505945506566383,0.5834510818826938
641,0.5348744060140377,0.7950521079401206,0.7050127699421361
642,0.5395338445290746,0.8471342193686999,0.7358057045423844
643,0.5881075995018481,0.37669373118675,0.49600157569608677
644,0.8881393389476793,0.40420741204678945,0.5834674137706838
645,0.17291043375964277,0.48128418972690323,0.46606438649857573
646,0.599802105814729,0.35400443097722367,0.49169692517969
647,0.06774899190291028,0.4228433321320513,0.4244871309868976
648,0.45389591442559085,0.014809403649573394,0.2926557418168572
649,0.20046082378032848,0.4267339255109126,0.4462097150954572
650,0.6201584165912878,0.33081134564544457,0.4958773728647441
651,0.8615786204119035,0.1751007718972214,0.45942277648277585
652,0.04719981203931056,0.8793402444619145,0.6442205957188526
653,0.20503477993599606,0.9858248219206315,0.7301875313139332
654,0.9098012134905422,0.4449991815852046,0.6128043427690779
655,0.882597795951206,0.3808728762204723,0.5591541851518175
656,0.47021567018636223,0.12148718155055649,0.35984436174644874
657,0.9343735796223486,0.7539348279480711,0.7662874791848854
658,0.20754354586208212,0.8690305857482973,0.6704165779889624
659,0.627430331279781,0.13433752372452612,0.402210648121042
660,0.6801716379190778,0.3393552274329298,0.500024433835971
661,0.4247520593396066,0.28419669117314905,0.42283790058328924
662,0.25374599965904765,0.09423486374682166,0.30431531783318766
663,0.7599099491453168,0.1900326208299853,0.4471140658044778
664,0.16564816031325913,0.2540974816096019,0.35753635581399135
665,0.21973950243286466,0.22008545863680073,0.3472900926542889
666,0.1784122066659246,0.17724099347522249,0.32443094355047536
667,0.45995787721253945,0.8126175929719207,0.6906243644062292
668,0.5305999141221922,0.13999742733899578,0.3690722107178324
669,0.8703051731137847,0.5338334416733123,0.6399588140429082
670,0.34860169603425917,0.5161213253018886,0.5302819006375995
671,0.09188050064209863,0.45497342261972507,0.44836990558186335
672,0.3560416463607057,0.35881370386258904,0.45083611812101615
673,0.5423609806417756,0.3224770050062339,0.477183756791902
674,0.5700803652484817,0.4958653207487381,0.5619288006518606
675,0.4767414594997973,0.9608388812726916,0.7731774210520208
676,0.3873667975373306,0.4026056140192472,0.4752468152680875
677,0.1559654043987907,0.2566032301334721,0.34971563010990075
678,0.4633478141298012,0.35894766970714176,0.4656669364657261
679,0.17522533563241538,0.13880135497687807,0.3035776282187159
680,0.575368570713867,0.8403242499447695,0.7415492608470966
681,0.31468174798232107,0.5490617411823239,0.5378542851481367
682,0.29465163360866375,0.7117988784427434,0.6145366306015777
683,0.533497751848927,0.32107145084019884,0.457829260518626
684,0.4234361070563951,0.29902928356856573,0.42660253308926505
685,0.6389468635344568,0.16189691004921536,0.4187156753247198
686,0.2686087287781792,0.20436030586641318,0.35661332745296787
687,0.42335456464383714,0.002547836924289504,0.288466040500478
688,0.4603976447339204,0.07012547256154533,0.32883996037247554
689,0.5866447137155747,0.172506601475658,0.4058061543650602
690,0.38622676314118454,0.6223165658349505,0.5964527503688457
691,0.8434081807411152,0.7273293422667537,0.7257282531992959
692,0.5104312448855031,0.0505798453654952,0.3364238233370343
693,0.188170258956328,0.7070902713174475,0.5970022862079442
694,0.01631943534240987,0.7890260183327986,0.5928484208238451
695,0.6915279946089586,0.1131398689123263,0.3925745821334171
696,0.5274986220783949,0.18166549977281277,0.40355361436456294
697,0.5101602733954786,0.2541796204703307,0.4324028857627023
698,0.5047683905802303,0.6685936503065729,0.6436155398709246
699,0.8942909065191268,0.1189759278399426,0.4427381063374898
700,0.6088339861657266,0.9525555290397979,0.8005503252622117
701,0.4646665779922844,0.7583163334739638,0.6657754178514412
702,0.8971006683181219,0.6938015646155778,0.7284474192308927
703,0.7304220038913671,0.8169911208204673,0.7495988062091531
704,0.6990879228112931,0.5585074500270575,0.6144697892144755
705,0.8446275166242052,0.6058306307963206,0.6723023118904297
706,0.6297116275662622,0.43539185232402455,0.5415268700657763
707,0.8398306302115105,0.17947496269223295,0.4563340397660061
708,0.020600740448940114,0.29926127104522793,0.3446530708195906
709,0.34160163413584055,0.23139620498650149,0.37953708013995624
710,0.12638903176157845,0.8982727231776749,0.6665479763961144
711,0.4445496594771663,0.2922533834444928,0.4433190186122398
712,0.9667254664286768,0.9007636669557573,0.8523688088556466
713,0.22593148195864032,0.76875331183437,0.6334204852578815
714,0.2078091064923091,0.34698761441831993,0.4159819535463287
715,0.20658789801647026,0.2792408643872841,0.3861601259827462
716,0.6414759245267834,0.6596415233882252,0.6542185433136214
717,0.3404072950815278,0.842697543948371,0.6949827294353864
718,0.24514299714203514,0.9308485900282136,0.7082697436507068
719,0.886623372559407,0.9826958910868132,0.8682413183766831
720,0.8118425577150898,0.7100354901638839,0.7118030104061592
721,0.7749114902333399,0.4491124836256445,0.5730563707163974
722,0.24810537488494855,0.88806066150656,0.6881652487116001
723,0.6648070441053197,0.12796196682054106,0.40048935189001655
724,0.4746419353463516,0.9800229442365729,0.7921638485174335
725,0.9254022147803401,0.1417016314151338,0.44762648461373067
726,0.03094232736659608,0.6951907866433821,0.5514512910102369
727,0.07297493287335999,0.31002280900643475,0.37543482857109
728,0.2994223575368734,0.9404618460659702,0.7227842330219059
729,0.39728387934490295,0.23623658049551788,0.3972164223601777
730,0.419796882775059,0.273772930637484,0.42284550780452596
731,0.2026364441267564,0.6799936068116922,0.5751901343458207
732,0.7391000084483614,0.81745838559906,0.756571588379963
733,0.08419700632899452,0.14332894896148796,0.29058756525187074
734,0.21594945239988372,0.5929086785761145,0.5461508071258325
735,0.14226559205824474,0.8236866603851166,0.6477037523652993
736,0.6560067776897933,0.4978826298717426,0.5764378676745245
737,0.231170941475499,0.7081834652491227,0.6055512116472774
738,0.388853417634517,0.799505838931001,0.6734025175049898
739,0.46726356789823364,0.29395651161737646,0.4403658889672624
740,0.9045171988089659,0.12547822146980447,0.44958433838540507
741,0.1541585980488671,0.7114742191941295,0.5771682214349924
742,0.6013617352664108,0.5223804506756955,0.5822583442145169
743,0.3243727662614265,0.8093149571171383,0.6703936956797567
744,0.6361667826459482,0.35397238992316515,0.4968588688731008
745,0.5841766284405195,0.5482445879465306,0.5949196751480207
746,0.6926015506904443,0.2680834705129246,0.46905786083810064
747,0.41384696230470386,0.3606117772805395,0.4695155148367089
748,0.926763595410717,0.7677648004017301,0.7678617548998423
749,0.9931378622094416,0.2946919975661554,0.542013106593657
750,0.7341996562156012,0.5940786592073335,0.6494235593752029
751,0.22503092992258167,0.06238736488487706,0.2778649533241511
752,0.39624422392483405,0.5559600670840651,0.5496360583028302
753,0.6740804298302823,0.38753580213001526,0.533581181799245
754,0.593643819244896,0.21698710893465778,0.43225427751035383
755,0.7531959708406992,0.14213644924637447,0.43115622270909054
756,0.5233174227039964,0.34293348997260886,0.4851267475911744
757,0.8158959957694051,0.22818328757120365,0.4844653894053
758,0.43907578669353897,0.656310841183308,0.6198047908656488
759,0.862692019122584,0.9696679902243714,0.8580310056088012
760,0.553830894479687,0.3131208604365693,0.45802300897578996
761,0.1603852713440106,0.436076854727922,0.4479574256257418
762,0.4710297192478652,0.1030571521930368,0.35497225700765844
763,0.9092845812445154,0.5524400657087497,0.6532010282128065
764,0.05536352302655778,0.7327631056007844,0.5835568594292816
765,0.6772960087310839,0.5037550688878291,0.5972880941640873
766,0.6929453666514694,0.28242875891335495,0.487053090446929
767,0.29391737510923654,0.695168588058679,0.6042860406958819
768,0.6153652340023944,0.7517528808376029,0.7051912300991542
769,0.828450743591806,0.6675567814132847,0.7090381548915584
770,0.36355468597495455,0.1757683804749095,0.369613978146791
771,0.661219508229252,0.32407523987468745,0.5024804912972709
772,0.855661577311185,0.6085699664576043,0.6678703894697113
773,0.7677024093817375,0.720662249332708,0.7236117103423674
774,0.14931719926787668,0.7554822654923121,0.608980851126509
775,0.6792359883025726,0.8089509134780599,0.7333551322345204
776,0.49893017440383935,0.5968412767646115,0.5923800353816798
777,0.07799319410105687,0.7765224956850029,0.5960736313841704
778,0.6191022031610217,0.6175003012840522,0.6380760029478337
779,0.2534995121539898,0.7531530173635863,0.6349162616413481
780,0.8522084383974396,0.7945985668433638,0.7582047522847059
781,0.2982820556385817,0.5623913575064855,0.545894930791787
782,0.6590510674003238,0.1334517896747801,0.4032876056306224
783,0.21466824705700993,0.29682866569644006,0.38242373903990223
784,0.8999785838226523,0.5326266305393034,0.6538645074052444
785,0.6577665577229337,0.11523763085469452,0.38130757259494225
786,0.4856749972787877,0.7407330235390219,0.6739194794677031
787,0.7528262833573631,0.2522562764105476,0.4764724844945309
788,0.5176060860178389,0.6598940020375861,0.6318571031876624
789,0.20116469452776964,0.896329000775094,0.6797795016948933
790,0.9053616168878273,0.5422383710639547,0.6613842301166124
791,0.43301897430818015,0.6318430989978782,0.6034941501805685
792,0.2819767543612607,0.6571383556355808,0.5786544711409136
793,0.720028867148172,0.9881763589712975,0.8409520779319993
794,0.4693416768891219,0.641231256947182,0.6181104299493108
795,0.3229898396635227,0.7760116818591448,0.6593512438097517
796,0.7800620616518351,0.5048413623602744,0.6078225819914949
797,0.3621797546767388,0.9751586924625358,0.7556341677581703
798,0.2565437643301789,0.6250875675324804,0.5597313875350044
799,0.5948943132906503,0.7610313078036937,0.7012923440038676
